<annotation>
	<folder>train</folder>
	<filename>frame10.jpg</filename>
	<path>d:\Users\win10\Desktop\Aa\yz\train\frame10.jpg</path>
	<source>
		<database>Unknown</database>
	</source>
	<size>
		<width>1920</width>
		<height>900</height>
		<depth>3</depth>
	</size>
	<segmented>0</segmented>
	<object>
		<name>arac</name>
		<pose>Unspecified</pose>
		<truncated>1</truncated>
		<difficult>0</difficult>
		<bndbox>
			<xmin>1</xmin>
			<ymin>254</ymin>
			<xmax>58</xmax>
			<ymax>282</ymax>
		</bndbox>
	</object>
	<object>
		<name>arac</name>
		<pose>Unspecified</pose>
		<truncated>0</truncated>
		<difficult>0</difficult>
		<bndbox>
			<xmin>129</xmin>
			<ymin>354</ymin>
			<xmax>191</xmax>
			<ymax>378</ymax>
		</bndbox>
	</object>
	<object>
		<name>arac</name>
		<pose>Unspecified</pose>
		<truncated>1</truncated>
		<difficult>0</difficult>
		<bndbox>
			<xmin>1</xmin>
			<ymin>347</ymin>
			<xmax>27</xmax>
			<ymax>372</ymax>
		</bndbox>
	</object>
	<object>
		<name>arac</name>
		<pose>Unspecified</pose>
		<truncated>0</truncated>
		<difficult>0</difficult>
		<bndbox>
			<xmin>404</xmin>
			<ymin>302</ymin>
			<xmax>544</xmax>
			<ymax>342</ymax>
		</bndbox>
	</object>
	<object>
		<name>arac</name>
		<pose>Unspecified</pose>
		<truncated>0</truncated>
		<difficult>0</difficult>
		<bndbox>
			<xmin>602</xmin>
			<ymin>264</ymin>
			<xmax>740</xmax>
			<ymax>314</ymax>
		</bndbox>
	</object>
	<object>
		<name>arac</name>
		<pose>Unspecified</pose>
		<truncated>0</truncated>
		<difficult>0</difficult>
		<bndbox>
			<xmin>725</xmin>
			<ymin>376</ymin>
			<xmax>785</xmax>
			<ymax>404</ymax>
		</bndbox>
	</object>
	<object>
		<name>arac</name>
		<pose>Unspecified</pose>
		<truncated>0</truncated>
		<difficult>0</difficult>
		<bndbox>
			<xmin>930</xmin>
			<ymin>352</ymin>
			<xmax>989</xmax>
			<ymax>381</ymax>
		</bndbox>
	</object>
	<object>
		<name>arac</name>
		<pose>Unspecified</pose>
		<truncated>0</truncated>
		<difficult>0</difficult>
		<bndbox>
			<xmin>547</xmin>
			<ymin>370</ymin>
			<xmax>601</xmax>
			<ymax>396</ymax>
		</bndbox>
	</object>
</annotation>
