<annotation>
	<folder>train</folder>
	<filename>frame8.jpg</filename>
	<path>\\192.168.1.52\yz\train\frame8.jpg</path>
	<source>
		<database>Unknown</database>
	</source>
	<size>
		<width>1920</width>
		<height>900</height>
		<depth>3</depth>
	</size>
	<segmented>0</segmented>
	<object>
		<name>arac</name>
		<pose>Unspecified</pose>
		<truncated>0</truncated>
		<difficult>0</difficult>
		<bndbox>
			<xmin>964</xmin>
			<ymin>341</ymin>
			<xmax>1026</xmax>
			<ymax>383</ymax>
		</bndbox>
	</object>
	<object>
		<name>arac</name>
		<pose>Unspecified</pose>
		<truncated>0</truncated>
		<difficult>0</difficult>
		<bndbox>
			<xmin>761</xmin>
			<ymin>370</ymin>
			<xmax>827</xmax>
			<ymax>406</ymax>
		</bndbox>
	</object>
	<object>
		<name>arac</name>
		<pose>Unspecified</pose>
		<truncated>0</truncated>
		<difficult>0</difficult>
		<bndbox>
			<xmin>637</xmin>
			<ymin>268</ymin>
			<xmax>782</xmax>
			<ymax>320</ymax>
		</bndbox>
	</object>
	<object>
		<name>arac</name>
		<pose>Unspecified</pose>
		<truncated>0</truncated>
		<difficult>0</difficult>
		<bndbox>
			<xmin>581</xmin>
			<ymin>367</ymin>
			<xmax>639</xmax>
			<ymax>397</ymax>
		</bndbox>
	</object>
	<object>
		<name>arac</name>
		<pose>Unspecified</pose>
		<truncated>0</truncated>
		<difficult>0</difficult>
		<bndbox>
			<xmin>424</xmin>
			<ymin>304</ymin>
			<xmax>569</xmax>
			<ymax>360</ymax>
		</bndbox>
	</object>
	<object>
		<name>arac</name>
		<pose>Unspecified</pose>
		<truncated>0</truncated>
		<difficult>0</difficult>
		<bndbox>
			<xmin>143</xmin>
			<ymin>354</ymin>
			<xmax>205</xmax>
			<ymax>388</ymax>
		</bndbox>
	</object>
	<object>
		<name>arac</name>
		<pose>Unspecified</pose>
		<truncated>1</truncated>
		<difficult>0</difficult>
		<bndbox>
			<xmin>1</xmin>
			<ymin>348</ymin>
			<xmax>39</xmax>
			<ymax>384</ymax>
		</bndbox>
	</object>
	<object>
		<name>arac</name>
		<pose>Unspecified</pose>
		<truncated>0</truncated>
		<difficult>0</difficult>
		<bndbox>
			<xmin>28</xmin>
			<ymin>265</ymin>
			<xmax>91</xmax>
			<ymax>292</ymax>
		</bndbox>
	</object>
</annotation>
