<annotation>
	<folder>train</folder>
	<filename>frame4.jpg</filename>
	<path>d:\Users\win10\Desktop\yz\train\frame4.jpg</path>
	<source>
		<database>Unknown</database>
	</source>
	<size>
		<width>1920</width>
		<height>900</height>
		<depth>3</depth>
	</size>
	<segmented>0</segmented>
	<object>
		<name>arac</name>
		<pose>Unspecified</pose>
		<truncated>0</truncated>
		<difficult>0</difficult>
		<bndbox>
			<xmin>980</xmin>
			<ymin>342</ymin>
			<xmax>1049</xmax>
			<ymax>381</ymax>
		</bndbox>
	</object>
	<object>
		<name>arac</name>
		<pose>Unspecified</pose>
		<truncated>0</truncated>
		<difficult>0</difficult>
		<bndbox>
			<xmin>795</xmin>
			<ymin>380</ymin>
			<xmax>853</xmax>
			<ymax>408</ymax>
		</bndbox>
	</object>
	<object>
		<name>arac</name>
		<pose>Unspecified</pose>
		<truncated>0</truncated>
		<difficult>0</difficult>
		<bndbox>
			<xmin>658</xmin>
			<ymin>270</ymin>
			<xmax>798</xmax>
			<ymax>331</ymax>
		</bndbox>
	</object>
	<object>
		<name>arac</name>
		<pose>Unspecified</pose>
		<truncated>0</truncated>
		<difficult>0</difficult>
		<bndbox>
			<xmin>606</xmin>
			<ymin>374</ymin>
			<xmax>661</xmax>
			<ymax>407</ymax>
		</bndbox>
	</object>
	<object>
		<name>arac</name>
		<pose>Unspecified</pose>
		<truncated>0</truncated>
		<difficult>0</difficult>
		<bndbox>
			<xmin>442</xmin>
			<ymin>310</ymin>
			<xmax>579</xmax>
			<ymax>358</ymax>
		</bndbox>
	</object>
	<object>
		<name>arac</name>
		<pose>Unspecified</pose>
		<truncated>0</truncated>
		<difficult>0</difficult>
		<bndbox>
			<xmin>152</xmin>
			<ymin>362</ymin>
			<xmax>210</xmax>
			<ymax>389</ymax>
		</bndbox>
	</object>
	<object>
		<name>arac</name>
		<pose>Unspecified</pose>
		<truncated>1</truncated>
		<difficult>0</difficult>
		<bndbox>
			<xmin>1</xmin>
			<ymin>358</ymin>
			<xmax>44</xmax>
			<ymax>389</ymax>
		</bndbox>
	</object>
	<object>
		<name>arac</name>
		<pose>Unspecified</pose>
		<truncated>0</truncated>
		<difficult>0</difficult>
		<bndbox>
			<xmin>52</xmin>
			<ymin>268</ymin>
			<xmax>112</xmax>
			<ymax>296</ymax>
		</bndbox>
	</object>
</annotation>
