<annotation>
	<folder>train</folder>
	<filename>frame3.jpg</filename>
	<path>d:\Users\win10\Desktop\yz\train\frame3.jpg</path>
	<source>
		<database>Unknown</database>
	</source>
	<size>
		<width>1920</width>
		<height>900</height>
		<depth>3</depth>
	</size>
	<segmented>0</segmented>
	<object>
		<name>arac</name>
		<pose>Unspecified</pose>
		<truncated>0</truncated>
		<difficult>0</difficult>
		<bndbox>
			<xmin>277</xmin>
			<ymin>759</ymin>
			<xmax>339</xmax>
			<ymax>864</ymax>
		</bndbox>
	</object>
	<object>
		<name>arac</name>
		<pose>Unspecified</pose>
		<truncated>0</truncated>
		<difficult>0</difficult>
		<bndbox>
			<xmin>613</xmin>
			<ymin>485</ymin>
			<xmax>676</xmax>
			<ymax>567</ymax>
		</bndbox>
	</object>
	<object>
		<name>arac</name>
		<pose>Unspecified</pose>
		<truncated>0</truncated>
		<difficult>0</difficult>
		<bndbox>
			<xmin>647</xmin>
			<ymin>508</ymin>
			<xmax>721</xmax>
			<ymax>611</ymax>
		</bndbox>
	</object>
	<object>
		<name>arac</name>
		<pose>Unspecified</pose>
		<truncated>0</truncated>
		<difficult>0</difficult>
		<bndbox>
			<xmin>898</xmin>
			<ymin>599</ymin>
			<xmax>922</xmax>
			<ymax>638</ymax>
		</bndbox>
	</object>
	<object>
		<name>arac</name>
		<pose>Unspecified</pose>
		<truncated>0</truncated>
		<difficult>0</difficult>
		<bndbox>
			<xmin>859</xmin>
			<ymin>699</ymin>
			<xmax>903</xmax>
			<ymax>743</ymax>
		</bndbox>
	</object>
	<object>
		<name>arac</name>
		<pose>Unspecified</pose>
		<truncated>0</truncated>
		<difficult>0</difficult>
		<bndbox>
			<xmin>1055</xmin>
			<ymin>638</ymin>
			<xmax>1245</xmax>
			<ymax>728</ymax>
		</bndbox>
	</object>
	<object>
		<name>arac</name>
		<pose>Unspecified</pose>
		<truncated>0</truncated>
		<difficult>0</difficult>
		<bndbox>
			<xmin>1092</xmin>
			<ymin>573</ymin>
			<xmax>1117</xmax>
			<ymax>613</ymax>
		</bndbox>
	</object>
	<object>
		<name>arac</name>
		<pose>Unspecified</pose>
		<truncated>0</truncated>
		<difficult>0</difficult>
		<bndbox>
			<xmin>1181</xmin>
			<ymin>350</ymin>
			<xmax>1264</xmax>
			<ymax>395</ymax>
		</bndbox>
	</object>
	<object>
		<name>arac</name>
		<pose>Unspecified</pose>
		<truncated>0</truncated>
		<difficult>0</difficult>
		<bndbox>
			<xmin>1203</xmin>
			<ymin>328</ymin>
			<xmax>1286</xmax>
			<ymax>369</ymax>
		</bndbox>
	</object>
	<object>
		<name>arac</name>
		<pose>Unspecified</pose>
		<truncated>0</truncated>
		<difficult>0</difficult>
		<bndbox>
			<xmin>1034</xmin>
			<ymin>148</ymin>
			<xmax>1059</xmax>
			<ymax>197</ymax>
		</bndbox>
	</object>
	<object>
		<name>arac</name>
		<pose>Unspecified</pose>
		<truncated>0</truncated>
		<difficult>0</difficult>
		<bndbox>
			<xmin>1066</xmin>
			<ymin>157</ymin>
			<xmax>1084</xmax>
			<ymax>178</ymax>
		</bndbox>
	</object>
	<object>
		<name>arac</name>
		<pose>Unspecified</pose>
		<truncated>0</truncated>
		<difficult>0</difficult>
		<bndbox>
			<xmin>1092</xmin>
			<ymin>160</ymin>
			<xmax>1106</xmax>
			<ymax>184</ymax>
		</bndbox>
	</object>
	<object>
		<name>arac</name>
		<pose>Unspecified</pose>
		<truncated>0</truncated>
		<difficult>0</difficult>
		<bndbox>
			<xmin>971</xmin>
			<ymin>102</ymin>
			<xmax>996</xmax>
			<ymax>128</ymax>
		</bndbox>
	</object>
	<object>
		<name>arac</name>
		<pose>Unspecified</pose>
		<truncated>0</truncated>
		<difficult>0</difficult>
		<bndbox>
			<xmin>1561</xmin>
			<ymin>289</ymin>
			<xmax>1682</xmax>
			<ymax>347</ymax>
		</bndbox>
	</object>
	<object>
		<name>arac</name>
		<pose>Unspecified</pose>
		<truncated>0</truncated>
		<difficult>0</difficult>
		<bndbox>
			<xmin>1691</xmin>
			<ymin>323</ymin>
			<xmax>1756</xmax>
			<ymax>354</ymax>
		</bndbox>
	</object>
	<object>
		<name>arac</name>
		<pose>Unspecified</pose>
		<truncated>0</truncated>
		<difficult>0</difficult>
		<bndbox>
			<xmin>1712</xmin>
			<ymin>355</ymin>
			<xmax>1750</xmax>
			<ymax>376</ymax>
		</bndbox>
	</object>
	<object>
		<name>arac</name>
		<pose>Unspecified</pose>
		<truncated>0</truncated>
		<difficult>0</difficult>
		<bndbox>
			<xmin>1664</xmin>
			<ymin>359</ymin>
			<xmax>1708</xmax>
			<ymax>385</ymax>
		</bndbox>
	</object>
	<object>
		<name>yaya</name>
		<pose>Unspecified</pose>
		<truncated>0</truncated>
		<difficult>0</difficult>
		<bndbox>
			<xmin>1859</xmin>
			<ymin>370</ymin>
			<xmax>1873</xmax>
			<ymax>395</ymax>
		</bndbox>
	</object>
	<object>
		<name>yaya</name>
		<pose>Unspecified</pose>
		<truncated>0</truncated>
		<difficult>0</difficult>
		<bndbox>
			<xmin>1261</xmin>
			<ymin>311</ymin>
			<xmax>1279</xmax>
			<ymax>326</ymax>
		</bndbox>
	</object>
</annotation>
